bin_idx	mu_mean	mu_lower_hdi	mu_upper_hdi	mu_median	mu_residual_mean	mu_residual_lower_hdi	mu_residual_upper_hdi	mu_residual_median	p_mean	p_lower_hdi	p_upper_hdi	p_median	p_residual_mean	p_residual_lower_hdi	p_residual_upper_hdi	p_residual_median	baf_outlier_odds_mean	baf_outlier_odds_lower_hdi	baf_outlier_odds_upper_hdi	baf_outlier_odds_median	rdr_outlier_odds_mean	rdr_outlier_odds_lower_hdi	rdr_outlier_odds_upper_hdi	rdr_outlier_odds_median	baf_outlier_prob_mean	baf_outlier_prob_lower_hdi	baf_outlier_prob_upper_hdi	baf_outlier_prob_median	rdr_outlier_prob_mean	rdr_outlier_prob_lower_hdi	rdr_outlier_prob_upper_hdi	rdr_outlier_prob_median	data_rdr	data_baf	chrom	start	end
0	0.9871805567635139	0.9786251956243196	0.9921842060998912	0.9889564126649224	-0.01740566596045734	-0.022409315296834653	-0.008850304821263033	-0.019181521861865836	0.5	0.5	0.5	0.5	-0.027605633802816887	-0.027605633802816887	-0.027605633802816887	-0.027605633802816887	-1.5627746942670637	-1.757301428426847	-1.4765650154086378	-1.508616166616385	-3.2800763888290945	-3.350181074943336	-3.20544619130885	-3.282339144532095	0.0013503707139671454	0.0003143789219864295	0.0025323108669067676	0.0012773965334876923	0.0003166562499439091	5.379559700506316e-05	0.0009572288619295194	0.00012780027042052702	0.9697748908030566	0.4723943661971831	chr22	17500000	18000000
1	0.9871805567635139	0.9786251956243196	0.9921842060998912	0.9889564126649224	0.007285508547287489	0.0022818592109101754	0.015840869686481795	0.005509652645878993	0.5	0.5	0.5	0.5	0.012885662431941891	0.012885662431941891	0.012885662431941891	0.012885662431941891	-2.893807675593517	-2.9099879402736715	-2.8704963724777963	-2.8973731948112995	-3.412235137786502	-3.5069542341746	-3.212201718311287	-3.46489229933006	0.0003417117724272272	8.025277094128843e-05	0.0006180776987981019	0.00033425830998475925	0.0002669898120770411	4.598974627299491e-05	0.0007737646841452431	0.00012410240894496322	0.9944660653108014	0.5128856624319419	chr22	19000000	19500000
2	0.9871805567635139	0.9786251956243196	0.9921842060998912	0.9889564126649224	0.010772305860609288	0.005768656524231974	0.019327666999803594	0.008996449959200792	0.5	0.5	0.5	0.5	0.004391984628053791	0.004391984628053791	0.004391984628053791	0.004391984628053791	-3.3166601125022925	-3.3622395373492964	-3.230013303865868	-3.3371938043970033	-3.384620999986317	-3.4806778449571074	-3.1700284101490377	-3.443888872419561	0.0002212965729069816	5.105633817900681e-05	0.00039569500420317193	0.00021921747462287387	0.00027426694942809626	4.745221171950572e-05	0.000792916039370713	0.00012834977331108312	0.9979528626241232	0.5043919846280538	chr22	19500000	20000000
3	0.9871805567635139	0.9786251956243196	0.9921842060998912	0.9889564126649224	-0.011456312630743537	-0.01645996196712085	-0.0029009514915492307	-0.013232168532152033	0.5	0.5	0.5	0.5	0.026215805471124565	0.026215805471124565	0.026215805471124565	0.026215805471124565	-1.8346591588661303	-1.9652945229570618	-1.7790699072983696	-1.797136102604545	-3.3641011445301645	-3.44821174065798	-3.2963303610076258	-3.3559312382275266	0.0010156208256117012	0.00024866318827130793	0.0018850324042466535	0.0009643938549644218	0.0002867924587080781	4.877222339341049e-05	0.0008554027229519731	0.00012149744424346442	0.9757242441327704	0.5262158054711246	chr22	20500000	21000000
4	0.9871805567635139	0.9786251956243196	0.9921842060998912	0.9889564126649224	0.03440632139148048	0.029402672055103163	0.04296168253067478	0.03263046549007198	0.5	0.5	0.5	0.5	0.02346325382974601	0.02346325382974601	0.02346325382974601	0.02346325382974601	-1.825191804433183	-2.0328267023131508	-1.730985029260001	-1.76847774307979	-2.904319119701352	-3.047250773617886	-2.6746377776200623	-2.9476939637837294	0.0010409348211754888	0.0002386680662361847	0.001958290850207544	0.0009833901841291132	0.0004529172827166466	8.217202521856093e-05	0.0013228781208913683	0.0002033094923783285	1.0215868781549944	0.523463253829746	chr22	22500000	23000000
5	0.9871805567635139	0.9786251956243196	0.9921842060998912	0.9889564126649224	-0.01125334304690595	-0.016256992383283264	-0.002697981907711644	-0.013029198948314447	0.5	0.5	0.5	0.5	-0.00438492533775775	-0.00438492533775775	-0.00438492533775775	-0.00438492533775775	-3.260020317096923	-3.3013538859627083	-3.1824938811502195	-3.2781167506373827	-3.3663909841242567	-3.4508908094209207	-3.2967180888050995	-3.358977519135504	0.00023457589472126615	5.4261521328350424e-05	0.00042015255777694217	0.00023194474988988601	0.0002860093651015668	4.864173412612588e-05	0.0008527007848837572	0.00012134747069819208	0.975927213716608	0.49561507466224225	chr22	23000000	23500000
6	0.8230545893750683	0.8179476958418019	0.8279009916721308	0.8231848349931701	0.20686973311155143	0.20202333081448887	0.21197662664481776	0.20673948749344956	0.5	0.5	0.5	0.5	-0.002210811581800032	-0.002210811581800032	-0.002210811581800032	-0.002210811581800032	-3.351962121598307	-3.400675057786973	-3.2586659372059232	-3.374253745700166	5.324814790792445	3.657569565641999	6.443404467481336	5.599142565023222	0.00021337038590921054	4.913119517958788e-05	0.00038103954273457593	0.00021165540286133922	0.9111594629859261	0.8189007398130295	0.9984553855987238	0.9136408632659756	1.0299243224866197	0.49778918841819997	chr22	23500000	24000000
7	0.9871805567635139	0.9786251956243196	0.9921842060998912	0.9889564126649224	0.033719987564633014	0.0287163382282557	0.04227534870382732	0.03194413166322452	0.5	0.5	0.5	0.5	0.038066723695466265	0.038066723695466265	0.038066723695466265	0.038066723695466265	-0.40392261875862157	-0.7245393218663887	-0.2573045977749606	-0.3169232776965685	-2.9251837338260023	-3.064523292840285	-2.6939594704426915	-2.971126086010516	0.004419144883295843	0.0008830317199043183	0.00843165455129525	0.004180946630991901	0.0004430174408989705	8.023513076108877e-05	0.001292785216034342	0.00019952470840022566	1.020900544328147	0.5380667236954663	chr22	24000000	24500000
8	0.9871805567635139	0.9786251956243196	0.9921842060998912	0.9889564126649224	-0.006336147464767072	-0.011339796801144386	0.002219213674427234	-0.008112003366175569	0.5	0.5	0.5	0.5	-0.018645584725537012	-0.018645584725537012	-0.018645584725537012	-0.018645584725537012	-2.4382470310698876	-2.514136585079048	-2.406940368364565	-2.4159555854179686	-3.410112041850895	-3.5022235331219456	-3.2974012325156616	-3.420411700882986	0.0005491132282756601	0.0001326850040699488	0.0010108666255495152	0.0005264506417415883	0.0002712047262780646	4.6207825441065855e-05	0.0008007350189184186	0.00011893803037638703	0.9808444092987468	0.481354415274463	chr22	25000000	25500000
9	0.9871805567635139	0.9786251956243196	0.9921842060998912	0.9889564126649224	0.002624748737205307	-0.002378900599172007	0.011180109876399613	0.0008488928357968106	0.5	0.5	0.5	0.5	-0.02015888778550151	-0.02015888778550151	-0.02015888778550151	-0.02015888778550151	-2.317829903406154	-2.405749732751846	-2.2814217222987168	-2.2920740792870262	-3.4312518232031044	-3.5281437660070587	-3.2556863066880117	-3.470588610058674	0.0006209218475110111	0.0001504675593183899	0.001145154928642877	0.0005940324510413888	0.0002626570376871015	4.5025497152510406e-05	0.0007648802530512759	0.00012036120027230991	0.9898053055007192	0.4798411122144985	chr22	25500000	26000000
10	0.9871805567635139	0.9786251956243196	0.9921842060998912	0.9889564126649224	0.045397920346540666	0.04039427101016335	0.05395328148573497	0.04362206444513217	0.5	0.5	0.5	0.5	0.006935123042505542	0.006935123042505542	0.006935123042505542	0.006935123042505542	-3.1976336292977345	-3.233927687557328	-3.1308699409546064	-3.2128684443395015	-2.518040928456245	-2.7194774199002545	-2.3278110239292946	-2.512437634997715	0.0002501598250316758	5.8046333378837394e-05	0.0004489646643788908	0.0002468141511844875	0.0006831542412720621	0.00012772328710331063	0.002032509485201905	0.00028619209639151635	1.0325784771100546	0.5069351230425055	chr22	26000000	26500000
11	0.9871805567635139	0.9786251956243196	0.9921842060998912	0.9889564126649224	0.031177987516984196	0.026174338180606882	0.0397333486561785	0.0294021316155757	0.5	0.5	0.5	0.5	-0.001103057043807143	-0.001103057043807143	-0.001103057043807143	-0.001103057043807143	-3.3519524392398212	-3.4006776860029397	-3.258632170578962	-3.3742499501886916	-2.9990014598034573	-3.1251258697375004	-2.7630499426968873	-3.0539150133897213	0.00021337162004989173	4.9131066052365937e-05	0.0003810397982938815	0.0002116578079266598	0.00040974330452506815	7.374028210973272e-05	0.0011920009411354876	0.00018661599742752607	1.018358544280498	0.49889694295619286	chr22	26500000	27000000
12	0.9871805567635139	0.9786251956243196	0.9921842060998912	0.9889564126649224	0.009435339309004864	0.0044316899726275505	0.01799070044819917	0.007659483407596368	0.5	0.5	0.5	0.5	0.005356362046348928	0.005356362046348928	0.005356362046348928	0.005356362046348928	-3.3074392787121756	-3.351973257115345	-3.2229730457574677	-3.3274054059879448	-3.3965593003096632	-3.4916477278108426	-3.187169004042997	-3.453710234692407	0.00022343131297976353	5.158319666549249e-05	0.0003996812999022229	0.00022123037767566938	0.0002710533965548136	4.681306865891118e-05	0.0007842653784248936	0.00012656756956772486	0.9966158960725188	0.5053563620463489	chr22	27000000	27500000
13	0.9871805567635139	0.9786251956243196	0.9921842060998912	0.9889564126649224	-0.011954010481877941	-0.016957659818255255	-0.003398649342683635	-0.013729866383286438	0.5	0.5	0.5	0.5	-0.02378392905133031	-0.02378392905133031	-0.02378392905133031	-0.02378392905133031	-1.9937068565901201	-2.1219646315135234	-1.9387180091825371	-1.95707239283221	-3.358324265942419	-3.441455457263718	-3.2952590409261786	-3.34829128278989	0.0008657132732006851	0.00021197137063295676	0.0016067736286194717	0.000822054046775156	0.00028877397311148135	4.9102858029359137e-05	0.0008622277231384303	0.00012188265563906788	0.975226546281636	0.4762160709486697	chr22	27500000	28000000
14	0.9871805567635139	0.9786251956243196	0.9921842060998912	0.9889564126649224	-0.010861680583414302	-0.015865329919791615	-0.0023063194442199952	-0.012637536484822798	0.5	0.5	0.5	0.5	0.008534432018834637	0.008534432018834637	0.008534432018834637	0.008534432018834637	-3.010090623813266	-3.0364766227616133	-2.96500742005676	-3.019439226217345	-3.370701289271498	-3.4559354812878222	-3.2973857285385995	-3.3647419736297843	0.000302980831090889	7.071746752396287e-05	0.0005458614539717073	0.00029767220143394284	0.0002845386834860633	4.839697043375553e-05	0.0008476184460166268	0.00012106965874693543	0.9763188761800996	0.5085344320188346	chr22	28000000	28500000
15	0.9871805567635139	0.9786251956243196	0.9921842060998912	0.9889564126649224	-0.019810813098165125	-0.02481446243454244	-0.011255451958970819	-0.02158666899957362	0.5	0.5	0.5	0.5	-0.009438978994948166	-0.009438978994948166	-0.009438978994948166	-0.009438978994948166	-3.0845058287064075	-3.1125561338743317	-3.0354609777508648	-3.095003101600216	-3.2369225322338986	-3.2999642838587953	-3.1558328774082884	-3.2459464838342553	0.00028103054490413157	6.553688387031681e-05	0.0005060041914168218	0.00027629055216469374	0.0003330099531853116	5.6566017922929776e-05	0.001012527375285841	0.00013147320976623783	0.9673697436653488	0.49056102100505183	chr22	28500000	29000000
16	0.9871805567635139	0.9786251956243196	0.9921842060998912	0.9889564126649224	-0.019517631666555957	-0.02452128100293327	-0.01096227052736165	-0.021293487567964453	0.5	0.5	0.5	0.5	0.00941196068632355	0.00941196068632355	0.00941196068632355	0.00941196068632355	-3.1196793445655384	-3.1485751646865907	-3.0685458228505835	-3.1307981953624897	-3.242462807849102	-3.3064078612641516	-3.1621406500681672	-3.2506513600320437	0.0002712015839496588	6.321831578328474e-05	0.00048815551670788757	0.00026671625165373145	0.0003308678394887912	5.620270219151176e-05	0.0010052924776609113	0.00013098808905137076	0.967662925096958	0.5094119606863236	chr22	29000000	29500000
17	0.9871805567635139	0.9786251956243196	0.9921842060998912	0.9889564126649224	0.015639538871105252	0.010635889534727938	0.024194900010299558	0.013863682969696756	0.5	0.5	0.5	0.5	0.025688073394495414	0.025688073394495414	0.025688073394495414	0.025688073394495414	-1.9515134753321584	-2.0528116444602764	-1.9099122789863259	-1.9216649889410156	-3.327061974505586	-3.424081791874453	-3.0975266605209653	-3.3933197228134633	0.0008983456973331942	0.00021816615504089153	0.0016592592177062447	0.0008579787082928204	0.00029072713023628824	5.0670228551299334e-05	0.000839086157501514	0.00013657606744616984	1.0028200956346192	0.5256880733944954	chr22	29500000	30000000
18	0.9871805567635139	0.9786251956243196	0.9921842060998912	0.9889564126649224	0.07343419643535953	0.06843054709898222	0.08198955757455384	0.07165834053395104	0.5	0.5	0.5	0.5	0.031116098755356036	0.031116098755356036	0.031116098755356036	0.031116098755356036	-0.9323029288901847	-1.2594172331805273	-0.7819955333341868	-0.8438994745230124	-1.1435230978343123	-1.49257330442091	-0.925571578491537	-1.0779737542124013	0.002608829176450438	0.0005172277043677658	0.0049906553555664	0.0024637168229337926	0.0029946079022513095	0.0004977821739491814	0.009499987074517569	0.0009903311802692443	1.0606147531988734	0.531116098755356	chr22	30000000	30500000
19	0.9871805567635139	0.9786251956243196	0.9921842060998912	0.9889564126649224	-0.01935347777793306	-0.024357127114310373	-0.010798116638738753	-0.021129333679341555	0.5	0.5	0.5	0.5	0.009834368530020732	0.009834368530020732	0.009834368530020732	0.009834368530020732	-3.110427437244927	-3.1375171537952795	-3.062972196401282	-3.1206101993915736	-3.2455309988429004	-3.309976707886186	-3.1656409796953344	-3.2532531538950398	0.00027389836279014267	6.392126404953366e-05	0.0004933643562426605	0.00026915391543418825	0.0003296870498007238	5.600248085977075e-05	0.0010013035266540748	0.00013072109584452485	0.9678270789855808	0.5098343685300207	chr22	30500000	31000000
20	0.9871805567635139	0.9786251956243196	0.9921842060998912	0.9889564126649224	0.006224697303321536	0.001221047966944222	0.014780058442515842	0.0044488414019130396	0.5	0.5	0.5	0.5	-0.011541749786263877	-0.011541749786263877	-0.011541749786263877	-0.011541749786263877	-2.979116363620218	-2.9996015849115096	-2.94633578683836	-2.985264041365501	-3.4183664791057833	-3.5138589782556906	-3.2233999231353296	-3.468103507516057	0.0003132053075357761	7.337385297364154e-05	0.0005655918040403145	0.00030692778656457413	0.00026547241465449536	4.567329261763343e-05	0.0007700925587187932	0.0001230619036407774	0.9934052540668354	0.4884582502137361	chr22	31000000	31500000
21	0.9871805567635139	0.9786251956243196	0.9921842060998912	0.9889564126649224	-0.013572880553959887	-0.0185765298903372	-0.005017519414765581	-0.015348736455368384	0.5	0.5	0.5	0.5	-0.023468057366362427	-0.023468057366362427	-0.023468057366362427	-0.023468057366362427	-2.2326033444481164	-2.2780145749401504	-2.2128324836240303	-2.2197831596141424	-3.3379455498761157	-3.417646469786325	-3.274375352866908	-3.329880188425614	0.0006708085864228908	0.00016042823866212392	0.0012274218255865607	0.0006476921407214392	0.00029583895962714823	5.028597589170347e-05	0.0008864501310076715	0.0001233098658046089	0.973607676209554	0.4765319426336376	chr22	31500000	32000000
22	0.9871805567635139	0.9786251956243196	0.9921842060998912	0.9889564126649224	-0.013003017785095938	-0.018006667121473252	-0.004447656645901632	-0.014778873686504435	0.5	0.5	0.5	0.5	0.007348784624081395	0.007348784624081395	0.007348784624081395	0.007348784624081395	-3.2211496443971948	-3.258340306644673	-3.1523146894815826	-3.2369717907312623	-3.345395752629784	-3.426346722990827	-3.283550014055546	-3.335843136736382	0.0002442482261721174	5.664642756154248e-05	0.0004382038615620758	0.00024107130778242564	0.0002932417872960781	4.985037284493462e-05	0.0008775632728158919	0.00012277675176174292	0.974177538978418	0.5073487846240814	chr22	32000000	32500000
23	0.9871805567635139	0.9786251956243196	0.9921842060998912	0.9889564126649224	0.008612675167022688	0.0036090258306453737	0.017168036306216994	0.006836819265614191	0.5	0.5	0.5	0.5	0.0020474004218885566	0.0020474004218885566	0.0020474004218885566	0.0020474004218885566	-3.3660989989123467	-3.416043742241815	-3.2701850131868957	-3.389083620110338	-3.403071367014184	-3.4974125165218317	-3.1971172709779543	-3.4588778402784754	0.0002102783621072464	4.838188604046527e-05	0.0003753303277761953	0.0002087006173061625	0.000269339940586812	4.646874633999769e-05	0.0007797572608822586	0.0001255668775624959	0.9957932319305366	0.5020474004218886	chr22	32500000	33000000
24	0.9871805567635139	0.9786251956243196	0.9921842060998912	0.9889564126649224	0.010518366956925651	0.005514717620548337	0.019073728096119957	0.008742511055517155	0.5	0.5	0.5	0.5	0.023205176060719146	0.023205176060719146	0.023205176060719146	0.023205176060719146	-1.8991702625178397	-2.082715745010222	-1.8168090348866404	-1.8485781350872483	-3.3870174338456014	-3.48291375814548	-3.1733765421867366	-3.4458897175250938	0.0009619962733839969	0.00022705327911438182	0.0018025893620935295	0.0009091712261640382	0.00027361515008209953	4.732311159736604e-05	0.0007911451284802968	0.00012799618012536765	0.9976989237204396	0.5232051760607191	chr22	33000000	33500000
25	0.9871805567635139	0.9786251956243196	0.9921842060998912	0.9889564126649224	-0.0015686093755664654	-0.006572258711943779	0.006986751763627841	-0.0033444652769749617	0.5	0.5	0.5	0.5	-0.006789693593314772	-0.006789693593314772	-0.006789693593314772	-0.006789693593314772	-3.22612440795138	-3.2642021815817586	-3.1554746791787407	-3.2424103855225095	-3.4308057641440195	-3.526929484855801	-3.2820976648883198	-3.4570979534159783	0.00024295994780591728	5.631534461898936e-05	0.0004357366623869452	0.00023989389210886728	0.0002638579947084437	4.508020397303722e-05	0.0007728125150632865	0.00011876962989872559	0.9856119473879474	0.49321030640668523	chr22	33500000	34000000
26	0.9871805567635139	0.9786251956243196	0.9921842060998912	0.9889564126649224	-0.1312641081267163	-0.1362677574630936	-0.12270874698752199	-0.1330399640281248	0.5831257559301132	0.5820934820097353	0.5847587432319403	0.5828253992393886	0.015418476992619168	0.013785489690792074	0.01645075091299708	0.015718833683343758	-2.724279461975848	-2.8576913343608332	-2.674312398514182	-2.6825570575141886	2.658706913771735	1.0643967859297705	3.560150831899498	3.005140018628837	0.0003965963083340933	0.0001004432593502753	0.0007737054587192221	0.0003561182576334379	0.16760568746029794	0.012678561775668873	0.5624817328157384	0.04763122762489226	0.8559164486367976	0.5985442329227324	chr22	34000000	34500000
27	0.8230545893750683	0.8179476958418019	0.8279009916721308	0.8231848349931701	0.02289131127740074	0.01804490898033817	0.02799820481066706	0.022761065659298862	0.5997046218614815	0.5982199110036946	0.6020596362361024	0.5992694701030645	0.0035229796966709526	0.0011679653220501018	0.005007690554457822	0.003958131455087943	-3.368981234412473	-3.4195316608385857	-3.251231348655586	-3.40258096407786	-3.21243714778514	-3.2973130309704857	-3.044731445964273	-3.2538520571029013	0.0002078160341318465	4.853940425729318e-05	0.00037733562024360086	0.000202694556013246	0.0003445818526747883	5.71516291388845e-05	0.0010310736037142509	0.0001450510889230089	0.845945900652469	0.6032276015581525	chr22	34500000	35000000
28	0.8230545893750683	0.8179476958418019	0.8279009916721308	0.8231848349931701	0.023023417445951155	0.018177015148888587	0.028130310979217477	0.02289317182784928	0.5997046218614815	0.5982199110036946	0.6020596362361024	0.5992694701030645	0.0028234680261588763	0.00046845365153802554	0.004308178883945746	0.003258619784575867	-3.3621667422889248	-3.407701894293192	-3.251207472019437	-3.3948788014215343	-3.2096233535926997	-3.295177132067188	-3.0421887625019055	-3.250563759900853	0.00020979361302577842	4.878716842913699e-05	0.0003790333590424151	0.0002056769623157808	0.0003456977691788079	5.732965055855894e-05	0.0010346540628547649	0.0001454036816509539	0.8460780068210194	0.6025280898876404	chr22	35000000	35500000
29	0.7409916056808455	0.737608945950543	0.7457593844582506	0.740299046157294	0.0819702767981739	0.07720249802076873	0.08535293652847631	0.08266283632172527	0.5553746785034592	0.5544589042285325	0.5568298521564945	0.5551049788144049	0.016261333113191334	0.014806159460156065	0.017177107388118062	0.016531032802245604	-2.682210491836713	-2.7869602694519013	-2.641489832317432	-2.650195932788759	-0.6274002837251901	-1.028159330452441	-0.06080775863576582	-0.7103170229062767	0.0004151863378370618	0.00010346461925426475	0.0007971567297269497	0.00038006200118351636	0.006909221707679	0.0007920120082225303	0.024235830713917578	0.0013045220542879448	0.8229618824790194	0.5716360116166506	chr22	35500000	36000000
30	0.8230545893750683	0.8179476958418019	0.8279009916721308	0.8231848349931701	0.03177938297049632	0.02693298067343375	0.03688627650376264	0.03164913735239444	0.5997046218614815	0.5982199110036946	0.6020596362361024	0.5992694701030645	-0.023439740909100587	-0.025794755283721438	-0.021955030051313718	-0.023004589150683596	-2.069472976596333	-2.298009131300099	-1.8086655126546676	-2.085608631215282	-2.9888937298679323	-3.1205041767792725	-2.8487321368917007	-2.9931693029003785	0.0008574045504284785	0.00018307415940562577	0.0016764656663659906	0.0007850391879711487	0.00044467148458468016	7.328313667116199e-05	0.0013543795791792364	0.00017551161124416107	0.8548339723455646	0.5762648809523809	chr22	36000000	36500000
31	0.8230545893750683	0.8179476958418019	0.8279009916721308	0.8231848349931701	0.08325698737153375	0.07841058507447118	0.08836388090480007	0.08312674175343188	0.5997046218614815	0.5982199110036946	0.6020596362361024	0.5992694701030645	0.00048352489298700285	-0.0018714894816338479	0.0019682357507738724	0.0009186766514039935	-3.277907797614806	-3.3227344211596623	-3.197683044887248	-3.295606862206156	-0.5424477343374403	-0.9447597701565726	-0.08627077869527078	-0.5693801942489589	0.0002304743453979573	5.311369525452008e-05	0.00041146541240749023	0.0002286591369649095	0.00687695627263014	0.0008608980717829432	0.02362650384330373	0.0015102115877169437	0.906311576746602	0.6001881467544685	chr22	36500000	37000000
32	0.8230545893750683	0.8179476958418019	0.8279009916721308	0.8231848349931701	0.07938953378989333	0.07454313149283076	0.08449642732315965	0.07925928817179145	0.5997046218614815	0.5982199110036946	0.6020596362361024	0.5992694701030645	-0.003947517929990679	-0.00630253230461153	-0.00246280707220381	-0.0035123661715736887	-3.301805865833602	-3.3602544718167593	-3.2466699885629824	-3.300149501477334	-0.7801684323127699	-1.1648013619541153	-0.3565158450420314	-0.7996782611274664	0.00022806736521077217	5.1157789016109716e-05	0.00039555045078087903	0.00023278061052304993	0.005286141003024591	0.0006908581511055532	0.018031569084577155	0.0012110683882078275	0.9024441231649616	0.5957571039314908	chr22	37000000	37500000
33	0.8230545893750683	0.8179476958418019	0.8279009916721308	0.8231848349931701	0.026546656258089607	0.02170025396102704	0.03165354979135593	0.02641641063998773	0.5997046218614815	0.5982199110036946	0.6020596362361024	0.5992694701030645	-0.001094429935604574	-0.0034494443102254246	0.0003902809221822956	-0.0006592781771875833	-3.265040966562477	-3.3122944055710732	-3.1958066685681326	-3.2760313960553518	-3.128858162913172	-3.2326930731627375	-2.970215021704088	-3.1562622783929317	0.0002345111888909166	5.3671107695359014e-05	0.00041540072741380406	0.00023448646022725163	0.0003791959165458795	6.269927182961754e-05	0.0011424078827035576	0.0001558382558251714	0.8496012456331579	0.5986101919258769	chr22	37500000	38000000
34	0.8230545893750683	0.8179476958418019	0.8279009916721308	0.8231848349931701	0.034301217111506466	0.029454814814443897	0.03940811064477279	0.03417097149340459	0.5997046218614815	0.5982199110036946	0.6020596362361024	0.5992694701030645	0.02141339056087868	0.01905837618625783	0.02289810141866555	0.021848542319295672	-2.3405548510062557	-2.510722932661645	-2.278539618991953	-2.2864784261857127	-2.9131025002370814	-3.0583137507486136	-2.784084916504379	-2.905005666847666	0.0005788105055239564	0.00014898896244153572	0.0011493640132201105	0.0005084445232170896	0.0004845639327181507	7.976381309287412e-05	0.0014842822739461236	0.00018710482191680252	0.8573558064865747	0.6211180124223602	chr22	38000000	38500000
35	0.8230545893750683	0.8179476958418019	0.8279009916721308	0.8231848349931701	0.010309773573783487	0.005463371276720919	0.015416667107049808	0.010179527955681611	0.5997046218614815	0.5982199110036946	0.6020596362361024	0.5992694701030645	0.015550092464440196	0.013195078089819345	0.017034803322227066	0.015985244222857187	-2.739542010644306	-2.899579941858967	-2.655430389262569	-2.7015788557278437	-3.407559254682792	-3.5018335980181767	-3.2340409077363246	-3.4471812564883333	0.00038700488864097833	9.80877217200761e-05	0.0007587353063622381	0.0003455982632407996	0.0002742241609807181	4.6225847007666525e-05	0.0008067223036420168	0.00012197424663659458	0.8333643629488517	0.6152547143259217	chr22	38500000	39000000
36	0.8230545893750683	0.8179476958418019	0.8279009916721308	0.8231848349931701	-0.01083247162715395	-0.01567887392421652	-0.005725578093887629	-0.010962717245255826	0.5997046218614815	0.5982199110036946	0.6020596362361024	0.5992694701030645	-0.007466842446104488	-0.009821856820725339	-0.0059821315883176185	-0.007031690687687497	-3.1724902075190595	-3.2284416399903186	-3.085358846567285	-3.188080171759317	-3.4014971039498896	-3.4839804299595207	-3.3094576829642746	-3.4062751514378817	0.0002632498604645121	5.836565342645596e-05	0.0004676638424349702	0.0002634849729983112	0.00026904104021888283	4.758568963740015e-05	0.0007903016861889623	0.00011913839252458442	0.8122221177479143	0.592237779415377	chr22	39000000	39500000
37	0.8230545893750683	0.8179476958418019	0.8279009916721308	0.8231848349931701	-0.0032020996594971374	-0.008048501956559706	0.0019047938737691839	-0.0033323452775990137	0.5997046218614815	0.5982199110036946	0.6020596362361024	0.5992694701030645	0.010442240621829552	0.008087226247208701	0.011926951479616421	0.010877392380246542	-2.9462241520837678	-3.0243105897708054	-2.8649338277020986	-2.947826095431083	-3.4523879696089654	-3.5394904180595415	-3.317819519234841	-3.47612097057074	0.00031773601911896433	7.66504981892878e-05	0.000593338219826226	0.00030047767923017173	0.00025682923661700846	4.451749600920809e-05	0.0007517857470629848	0.00011550685169792047	0.8198524897155711	0.6101468624833111	chr22	39500000	40000000
38	0.8230545893750683	0.8179476958418019	0.8279009916721308	0.8231848349931701	-0.015691244970960305	-0.020537647268022874	-0.010584351437693984	-0.01582149058906218	0.5997046218614815	0.5982199110036946	0.6020596362361024	0.5992694701030645	-0.007479314443790103	-0.009834328818410953	-0.005994603586003233	-0.007044162685373112	-3.1128415015343522	-3.162115059595223	-3.0389040687408304	-3.1251734389006773	-3.3407226677744983	-3.418686911109208	-3.263253810124917	-3.3404749749319342	0.00027869746818543774	6.236811523313939e-05	0.0004899015880691055	0.0002812600847197531	0.000285922010547277	5.1295706322087104e-05	0.0008436251599526425	0.00012438358795718927	0.807363344404108	0.5922253074176914	chr22	40000000	40500000
39	0.9051175730692911	0.8982864457330608	0.910042598886011	0.9060706238290461	-0.08648417758945778	-0.09140920340617775	-0.07965305025322755	-0.08743722834921291	0.6359950754678625	0.6341533376233298	0.6389121326292329	0.6354574158094436	0.03645193801961347	0.03353488085824308	0.038293675864146115	0.03698959767803234	-1.2047029343332067	-1.4651957741808443	-1.090762873571311	-1.1314265447903358	-0.3138196438641764	-1.2881250415956114	0.12553254567908256	-0.04634303977008836	0.0017982919856291326	0.0004907880911137839	0.00376966260528132	0.0014663586230607133	0.008482716450385985	0.0012060984041037503	0.029200109243158544	0.0017623290771408204	0.8186333954798333	0.6724470134874759	chr22	40500000	41000000
40	0.8230545893750683	0.8179476958418019	0.8279009916721308	0.8231848349931701	-0.0193505873711457	-0.02419698966820827	-0.014243693837879379	-0.019480832989247576	0.5997046218614815	0.5982199110036946	0.6020596362361024	0.5992694701030645	-0.009746462865665578	-0.012101477240286429	-0.008261752007878709	-0.009311311107248588	-2.6670331337667985	-2.690255020411451	-2.629809342856551	-2.674034085899596	-3.2806026434567697	-3.352585743544864	-3.1923586469163094	-3.288733091682953	0.00043321080403924865	9.997440569105765e-05	0.0007688132926272281	0.00043202775891935436	0.0003041309915960575	5.518045031727623e-05	0.0009012741102293269	0.00013003470291881344	0.8037040020039226	0.5899581589958159	chr22	41000000	41500000
41	0.9051175730692911	0.8982864457330608	0.910042598886011	0.9060706238290461	-0.06856296861277364	-0.07348799442949361	-0.06173184127654341	-0.06951601937252877	0.5453316918226208	0.5447177792077766	0.5463040442097443	0.5451524719364812	0.10466830817737918	0.1036959557902557	0.10528222079222338	0.10484752806351882	1.2762664544187672	1.2166139048503242	1.3345466041406375	1.2769526543420535	-1.379475459828455	-2.057582969351399	-1.0899653807484149	-1.1851767446070034	0.02196047302792099	0.005595487983305404	0.04135417619738491	0.020446113965496823	0.002588828105547601	0.0004923172308284674	0.00865965188772234	0.000601671651819798	0.8365546044565174	0.65	chr22	41500000	42000000
42	0.8230545893750683	0.8179476958418019	0.8279009916721308	0.8231848349931701	0.0300274947887903	0.02518109249172773	0.03513438832205662	0.029897249170688422	0.5997046218614815	0.5982199110036946	0.6020596362361024	0.5992694701030645	0.0185784010458189	0.016223386671198048	0.020063111903605768	0.01901355280423589	-2.4692234354290696	-2.670856529607647	-2.390984864774908	-2.4075261736668616	-3.038378200706858	-3.1606164059488595	-2.891321678402668	-3.050787359237953	0.0005078928443810403	0.00013325187442218028	0.0010271248709539597	0.0004355973160740106	0.000420367791780074	6.934502553811804e-05	0.0012755066479736882	0.0001683097468042449	0.8530820841638586	0.6182830229073004	chr22	42000000	42500000
43	0.8230545893750683	0.8179476958418019	0.8279009916721308	0.8231848349931701	0.00048649032461312025	-0.004359911972449448	0.0055933838578794415	0.00035624470651124396	0.5997046218614815	0.5982199110036946	0.6020596362361024	0.5992694701030645	0.010909570148059294	0.008554555773438444	0.012394281005846164	0.011344721906476285	-3.021611500588982	-3.1356301146397216	-2.9204780186477697	-3.0151689345342176	-3.4572848864009034	-3.5489945364255036	-3.3074208191876915	-3.4863620949952088	0.00029243178382887074	7.15999377676725e-05	0.0005551513682082184	0.00027148791466979596	0.0002566151922345773	4.409640069735328e-05	0.0007511006395106833	0.00011563186436513631	0.8235410796996814	0.6106141920095408	chr22	42500000	43000000
44	0.8230545893750683	0.8179476958418019	0.8279009916721308	0.8231848349931701	0.0003320965734199266	-0.004514305723642642	0.005438990106686248	0.0002018509553180503	0.5997046218614815	0.5982199110036946	0.6020596362361024	0.5992694701030645	0.0005434145171873406	-0.0018115998574335102	0.00202812537497421	0.0009785662756043312	-3.338953158067353	-3.3887427810805892	-3.2480545781577623	-3.35950763651553	-3.4573382506512864	-3.548894849769445	-3.308044607874307	-3.4862067724806964	0.00021641255537755463	4.972095377935607e-05	0.0003856093239438777	0.0002151599718934924	0.00025655160251280727	4.4100796739192736e-05	0.0007509006640331353	0.00011560247463945054	0.8233866859484882	0.6002480363786689	chr22	43000000	43500000
45	0.8230545893750683	0.8179476958418019	0.8279009916721308	0.8231848349931701	-0.02758337012534151	-0.03242977242240408	-0.02247647659207519	-0.027713615743443387	0.5997046218614815	0.5982199110036946	0.6020596362361024	0.5992694701030645	-0.012807442607614322	-0.015162456982235173	-0.011322731749827453	-0.012372290849197332	-2.798342369200137	-2.8336261454021745	-2.712232457046258	-2.823755437176058	-3.10133168247508	-3.1520352619085164	-2.9921380249083	-3.1305767215417517	0.00038480344318019005	8.662106970837977e-05	0.0006791731768539265	0.000386709763079227	0.00036703971985832106	6.838461442659084e-05	0.0011014248313841637	0.00014917471681126488	0.7954712192497267	0.5868971792538672	chr22	43500000	44000000
46	0.8230545893750683	0.8179476958418019	0.8279009916721308	0.8231848349931701	-0.02088372911860903	-0.025730131415671598	-0.015776835585342708	-0.021013974736710905	0.5997046218614815	0.5982199110036946	0.6020596362361024	0.5992694701030645	0.007168992329205898	0.004813977954585047	0.008653703186992767	0.007604144087622888	-3.2077803951636668	-3.2922116704630184	-3.097278239176622	-3.2208158355075134	-3.2517971783017385	-3.320627846808176	-3.159305916194734	-3.2636274751020227	0.00024327858367194832	5.825151232409033e-05	0.0004522662975270228	0.00023129826241834	0.0003133593910248628	5.713030002445056e-05	0.0009305421162055427	0.00013288257393472905	0.8021708602564592	0.6068736141906874	chr22	44000000	44500000
47	0.8230545893750683	0.8179476958418019	0.8279009916721308	0.8231848349931701	-0.00285584619628354	-0.007702248493346109	0.002251047336982781	-0.0029860918143854165	0.5997046218614815	0.5982199110036946	0.6020596362361024	0.5992694701030645	0.024096844579578863	0.021741830204958013	0.025581555437365733	0.024531996337995854	-1.9418352405094241	-2.1757537854098326	-1.8258006865759917	-1.8828932450259361	-3.453395326820072	-3.5410144636047676	-3.31724349184747	-3.4776616759140246	0.0008670583759909006	0.00023584927654703538	0.0018075054492216794	0.0007124393890974437	0.00025665515043253915	4.444970099219984e-05	0.0007512362325767886	0.00011546733408058404	0.8201987431787847	0.6238014664410604	chr22	44500000	45000000
48	0.8230545893750683	0.8179476958418019	0.8279009916721308	0.8231848349931701	0.011827099844914701	0.006980697547852133	0.016933993378181023	0.011696854226812825	0.5997046218614815	0.5982199110036946	0.6020596362361024	0.5992694701030645	-0.006446423059572742	-0.008801437434193593	-0.004961712201785873	-0.006011271301155752	-3.2777626694444377	-3.343069009420182	-3.1876974782990777	-3.2901420950292466	-3.391782067684205	-3.4851970596500585	-3.2168308597982564	-3.432550175644252	0.00023658191581017843	5.204455721153206e-05	0.00042217128516415796	0.00023605591043251184	0.00027950783320635723	4.700131777379596e-05	0.000823462836440423	0.00012378358930560492	0.834881689219983	0.5932581988019088	chr22	45000000	45500000
49	0.8230545893750683	0.8179476958418019	0.8279009916721308	0.8231848349931701	-0.009842351371797231	-0.0146887536688598	-0.00473545783853091	-0.009972596989899107	0.5997046218614815	0.5982199110036946	0.6020596362361024	0.5992694701030645	-0.014223420631876399	-0.01657843500649725	-0.01273870977408953	-0.013788268873459408	-2.8098279134460364	-2.8999467061035142	-2.633315007460272	-2.85302497011018	-3.4111883956618856	-3.494107448096725	-3.3128158385056876	-3.418915148022564	0.0003919251342251754	8.489111970541788e-05	0.0007349434750331734	0.0003739329710810552	0.00026651713705368597	4.700850062632212e-05	0.0007823386755106033	0.00011836068603890919	0.813212238003271	0.5854812012296051	chr22	45500000	46000000
50	0.8230545893750683	0.8179476958418019	0.8279009916721308	0.8231848349931701	0.05165021934035963	0.04680381704329706	0.05675711287362595	0.05151997372225775	0.5997046218614815	0.5982199110036946	0.6020596362361024	0.5992694701030645	0.015644215347820817	0.013289200973199966	0.017128926205607686	0.016079367106237807	-2.7376829827504814	-2.8721315808936936	-2.6548360961593476	-2.711882126974443	-2.2541719468366055	-2.494666780872276	-2.0681270215922622	-2.2269469924409417	0.00038876480875024114	9.707116040113638e-05	0.0007510440536768602	0.00035347201046148397	0.0010181726979512065	0.00016716330278845852	0.003256043744848106	0.00032474187208413074	0.8747048087154279	0.6153488372093023	chr22	46000000	46500000
51	0.8230545893750683	0.8179476958418019	0.8279009916721308	0.8231848349931701	-0.019391649813396472	-0.02423805211045904	-0.01428475628013015	-0.01952189543149835	0.5997046218614815	0.5982199110036946	0.6020596362361024	0.5992694701030645	-0.03110958053916743	-0.03346459491378828	-0.02962486968138056	-0.03067442878075044	-1.9360961589767478	-2.0452686516016163	-1.790040852251586	-1.9545375660268944	-3.2798588303705944	-3.3517624350512336	-3.1914990173797797	-3.288086934525682	0.0009354155315395967	0.0002086217147881118	0.0017079818481538062	0.0009125292816082344	0.0003043651865669828	5.5230046773307265e-05	0.0009020164424016273	0.0001301071285464984	0.8036629395616718	0.5685950413223141	chr22	46500000	47000000
52	0.8230545893750683	0.8179476958418019	0.8279009916721308	0.8231848349931701	-0.03823591616426214	-0.04308231846132471	-0.03312902263099582	-0.03836616178236402	0.5997046218614815	0.5982199110036946	0.6020596362361024	0.5992694701030645	-0.008281979481956497	-0.010636993856577348	-0.006797268624169628	-0.007846827723539507	-3.146107967313511	-3.202249750842956	-3.046937033656528	-3.1676225423772797	-2.7827528751722985	-2.95265692442971	-2.653153030421377	-2.762600772919054	0.0002713929323223997	5.9914555946036415e-05	0.0004859819898745271	0.0002698375917345176	0.0005160685770580779	9.959505709169129e-05	0.0015804324654488788	0.0001921233928458709	0.7848186732108061	0.591422642379525	chr22	47000000	47500000
53	0.8230545893750683	0.8179476958418019	0.8279009916721308	0.8231848349931701	-0.02342909984592023	-0.0282755021429828	-0.01832220631265391	-0.023559345464022108	0.5997046218614815	0.5982199110036946	0.6020596362361024	0.5992694701030645	-0.00843096129041962	-0.01078597566504047	-0.00694625043263275	-0.007995809532002629	-3.166131398911266	-3.225744933238225	-3.05546436065028	-3.1916581508782795	-3.1993118176010418	-3.262080375387439	-3.100118789034969	-3.2175240529908797	0.00026682262640177827	5.85232608931882e-05	0.00048185548158156667	0.00026345588156617906	0.00033102122930021074	6.08440502930307e-05	0.0009866494492239827	0.00013829570884191483	0.799625489529148	0.5912736605710619	chr22	47500000	48000000
54	0.8230545893750683	0.8179476958418019	0.8279009916721308	0.8231848349931701	-0.007958072880555389	-0.012804475177617958	-0.002851179347289068	-0.008088318498657265	0.5997046218614815	0.5982199110036946	0.6020596362361024	0.5992694701030645	-0.0027366055923005728	-0.0050916199669214235	-0.0012518947345137033	-0.002301453833883582	-3.3299173468911274	-3.387691973868165	-3.2621877784534474	-3.334894817621449	-3.4270957711877763	-3.5103869766203064	-3.317335449409513	-3.440330329360642	0.00022071071599954833	4.977322837664784e-05	0.000385279487289164	0.00022389507416619068	0.00026251174277151443	4.606354778927946e-05	0.0007697056793399746	0.00011713887197840181	0.8150965164945129	0.596968016269181	chr22	48000000	48500000
55	0.8230545893750683	0.8179476958418019	0.8279009916721308	0.8231848349931701	-0.02544293378001672	-0.030289336077079287	-0.020336040246750398	-0.025573179398118595	0.5997046218614815	0.5982199110036946	0.6020596362361024	0.5992694701030645	-0.00374381880220806	-0.006098833176828911	-0.0022591079444211903	-0.0033086670437910692	-3.350683846167839	-3.41423970941716	-3.288151744128892	-3.350171965562652	-3.153706538935645	-3.2109581092650195	-3.0495206156396595	-3.17717371541895	0.00021703629055160745	4.846924732862335e-05	0.0003766036811304539	0.00022153611687367625	0.0003472794546706106	6.425094768874047e-05	0.0010384007565364677	0.00014323305722861715	0.7976116555950515	0.5959608030592735	chr22	48500000	49000000
56	0.8230545893750683	0.8179476958418019	0.8279009916721308	0.8231848349931701	-0.02020611774206671	-0.025052520039129278	-0.015099224208800388	-0.020336363360168586	0.5997046218614815	0.5982199110036946	0.6020596362361024	0.5992694701030645	0.008559840948435787	0.006204826573814937	0.010044551806222657	0.008994992706852778	-3.206744848338734	-3.325119213413304	-3.083583256271697	-3.2091384618349665	-3.264790161501768	-3.3350607522172457	-3.1741565784084464	-3.2749716576906907	0.00024203044625135532	5.890821868574948e-05	0.00045779218888480086	0.0002257106887174355	0.0003091564247409108	5.6243326967020045e-05	0.0009172081452980504	0.00013158711334928635	0.8028484716330015	0.6082644628099173	chr22	49000000	49500000
57	0.8230545893750683	0.8179476958418019	0.8279009916721308	0.8231848349931701	-0.010246229074525992	-0.01509263137158856	-0.005139335541259671	-0.010376474692627868	0.5997046218614815	0.5982199110036946	0.6020596362361024	0.5992694701030645	-0.010673116610606409	-0.01302813098522726	-0.00918840575281954	-0.010237964852189418	-3.0308624610151282	-3.0836881396429625	-2.9010420953101237	-3.069359804553713	-3.4073459076816555	-3.4901071713343197	-3.311527776391382	-3.4138743415004598	0.0003081224121444819	6.745637488299199e-05	0.000562317425042098	0.00030135792432641877	0.00026751113576761694	4.723707693863261e-05	0.0007854745146651334	0.00011866647573335087	0.8128083603005423	0.5890315052508751	chr22	50000000	50500000
